iterations, archive avg furnish fitness, archive avg total fitness, avg delta total fitness, elites total, elites furnFitness above 0.8
500, 1, 2.545557, 0.164017, 135, 135
1000, 1, 2.54548, 0, 138, 138
1500, 1, 2.545515, 0, 141, 141
2000, 1, 2.54436, 0, 143, 143
2500, 1, 2.54436, 0, 143, 143
3000, 1, 2.54436, 0, 143, 143
3500, 1, 2.54436, 0, 143, 143
4000, 1, 2.545021, 0, 144, 144
4500, 1, 2.544837, 0, 145, 145
4999, 1, 2.544585, 0, 146, 146
